
<databaseChangeLog 
	  xmlns="http://www.liquibase.org/xml/ns/dbchangelog" 
	  xmlns:ext="http://www.liquibase.org/xml/ns/dbchangelog-ext" 
	  xmlns:xsi="http://www.w3.org/2001/XMLSchema-instance" 
	  xsi:schemaLocation="http://www.liquibase.org/xml/ns/dbchangelog-ext
	   http://www.liquibase.org/xml/ns/dbchangelog/dbchangelog-ext.xsd 
	   http://www.liquibase.org/xml/ns/dbchangelog 
	   http://www.liquibase.org/xml/ns/dbchangelog/dbchangelog-3.4.xsd">
	  
  <changeSet author="Aswatth" id="inserting with lastname">
  	<insert tableName="user">
        <column name="Id" value="2"/>
        <column name="Name" value="PQRS"/>
        <column name="lastname" value="pqrs"/>
    </insert>
    <rollback>
       <delete tableName="user">
	       <where>Id=5</where>
       </delete>
    </rollback>
	</changeSet>
    <changeSet id="tag_1.0" author="Aswatth">
	    <tagDatabase tag="1.0"/>
    </changeSet>
</databaseChangeLog>