<databaseChangeLog 
	  xmlns="http://www.liquibase.org/xml/ns/dbchangelog" 
	  xmlns:ext="http://www.liquibase.org/xml/ns/dbchangelog-ext" 
	  xmlns:xsi="http://www.w3.org/2001/XMLSchema-instance" 
	  xsi:schemaLocation="http://www.liquibase.org/xml/ns/dbchangelog-ext
	   http://www.liquibase.org/xml/ns/dbchangelog/dbchangelog-ext.xsd 
	   http://www.liquibase.org/xml/ns/dbchangelog 
	   http://www.liquibase.org/xml/ns/dbchangelog/dbchangelog-3.4.xsd">
	   
	   <changeSet id="table creation" author="Aswatth">
		   	<createTable tableName="user">
			   <column name="Id" type="INTEGER" autoIncrement="true"><constraints primaryKey="true" nullable="false" primaryKeyName="userPK"/></column>
			   <column name="Name" type="VARCHAR(25)"></column>
	   		</createTable>
	   		<rollback>
	   		<dropTable tableName="user"/>
	   		</rollback>
	   </changeSet>
	   
	   <changeSet id="insert test value" author="Aswatth">
		   <insert tableName="user">
			   <column name="Id" value="1"></column>
			   <column name="Name" value="ABCD"></column>
		   </insert>
		   <rollback>
			   <delete tableName="user">
			   <where>Id=1</where>
		   </delete>
	   </rollback>
	   </changeSet> 
	    <include file="1.0/main_1.0.xml" relativeToChangelogFile="true"/>
	    <include file="1.1/main_1.1.xml" relativeToChangelogFile="true"/>
	    <include file="2.0/main_2.0.xml" relativeToChangelogFile="true"/>
</databaseChangeLog>
