
<databaseChangeLog 
	  xmlns="http://www.liquibase.org/xml/ns/dbchangelog" 
	  xmlns:ext="http://www.liquibase.org/xml/ns/dbchangelog-ext" 
	  xmlns:xsi="http://www.w3.org/2001/XMLSchema-instance" 
	  xsi:schemaLocation="http://www.liquibase.org/xml/ns/dbchangelog-ext
	   http://www.liquibase.org/xml/ns/dbchangelog/dbchangelog-ext.xsd 
	   http://www.liquibase.org/xml/ns/dbchangelog 
	   http://www.liquibase.org/xml/ns/dbchangelog/dbchangelog-3.4.xsd">
	  
  <changeSet author="Aswatth" id="adding last name">
        <addColumn tableName="user">
	        <column name="lastname" type="VARCHAR(10)"/>
        </addColumn>
        <rollback>
	        <dropColumn tableName="user">
	        <column name="lastname"></column>
	        </dropColumn>
        </rollback>
    </changeSet>
</databaseChangeLog>